INSERT INTO users (id, name, age) 
VALUES (1, 'adam', 17), (2, 'ben', 6), (3, 'cara', 4), (4, 'denny', 33), 
(5, 'elvis', 24), (6, 'frankie', 24), (7, 'george', 9), (8, 'harry', 23), (9, 'ian', 100), (10, 'joanna', 30), 
(11, 'karen', 90), (12, 'leo', 24), (13, 'mark', 4), (14, 'nancy', 36), (15, 'oliver', 113), (16, 'penelope', 5), 
(17, 'quinn', 6), (18, 'rachel', 5), (19, 'steven', 24), (20, 'tim', 24);

INSERT INTO projects (id, title, category, funding_goal, start_date, end_date) 
VALUES 
(1, 'i want an apple watch', 'music', 500.00, '2013-06-30', '2013-04-30'), 
(2, 'My book on SQL', 'books', 20.00, '2014-01-01', '2014-01-09'), 
(3, 'The next Harry Potter', 'books', 1000.00, '2016-05-30', '2015-05-30'), 
(4, 'Animal shelter needs dog food', 'charity', 400.00, '2013-03-14', '2013-06-30'), 
(5, 'Voldement needs a body', 'charity', 6000.00, '2019-03-20', '2018-09-20'), 
(6, 'i want a fitbit', 'music', 200.00, '2014-12-30', '2015-12-30'), 
(7, 'Iguana needs tail operation', 'charity', 2000.00, '2013-10-02', '2013-10-30'), 
(8, 'I have bed bugs!', 'charity', 800.00, '2013-06-30', '2014-06-31'), 
(9, 'I want to teach English in China', 'charity', 3000.00, '2014-06-30', '2016-09-30'), 
(10, 'Help save birds of paradise', 'charity', 5000.00, '2012-03-20', '2013-06-30');

INSERT INTO pledges (id, amount, user_id, project_id) VALUES
(1, 10.00, 1, 2), 
(2, 20.00, 1, 3), 
(3, 40.00, 1, 4), 
(4, 50.00, 2, 3), 
(5, 10.00, 3, 2), 
(6, 20.00, 4, 4), 
(7, 40.00, 5, 10), 
(8, 60.00, 6, 10), 
(9, 50.00, 7, 9), 
(10, 700.00, 8, 8), 
(11, 1000.00, 8, 7), 
(12, 40.00, 9, 6), 
(13, 50.00, 9, 3), 
(14, 50.00, 10, 4), 
(15, 24.00, 12, 1), 
(16, 34.00, 11, 1), 
(17, 12.00, 13, 6), 
(18, 19.00, 14, 5), 
(19, 20.00, 15, 5), 
(20, 40.00, 16, 6), 
(21, 35.50, 17, 7), 
(22, 40.00, 18, 8), 
(23, 60.00, 19, 9), 
(24, 70.00, 20, 10), 
(25, 100.00, 20, 4), 
(26, 40.00, 19, 1), 
(27, 20.00, 18, 6), 
(28, 90.00, 17, 9), 
(29, 230.00, 16, 6), 
(30, 450.00, 15, 5);